http://i.imgur.com/TKLs9lo.jpg,F7F7F7,FEFEFE,FFFFFF
https://i.redd.it/4m5yk8gjrtzy.jpg,030001,020001,010101
http://i.imgur.com/FApqk3D.jpg,F3C300,000000,FFFFFF
https://i.redd.it/1nlgrn49x7ry.jpg,13100D,101010,0F0F0F
http://i.imgur.com/lcEUZHv.jpg,444A5A,C6BCBF,FFFFFF
https://i.redd.it/xae65ypfqycy.jpg,C24541,C83A2E,F4F4F4
https://i.redd.it/s5viyluv421z.jpg,7A522F,F6EFDE,F5EEDD
https://i.redd.it/h5t3qddvvzry.jpg,020202,0D0D0D,0E0E0E
https://i.redd.it/w5q6gldnvcuy.jpg,18151C,19161D,F3F3F3
https://i.redd.it/d8021b5i2moy.jpg,020405,010304,FFFFFF
http://i.imgur.com/sXhEQez.jpg,FEFEFE,000000,FFFFFF
http://i.imgur.com/M3NOzLC.jpg,928F7C,93907D,FFFFFF
https://i.redd.it/fsuv32a1cc9y.jpg,FDFDFD,FEFEFE,FFFFFF
https://i.redd.it/cwljeujku33z.jpg,EAE5DE,E4E1DC,E9E6DF
http://i.imgur.com/tyDhTll.jpg,060604,050503,070705
http://i.imgur.com/puEqa4C.jpg,92909E,928FA2,908E9C
https://i.redd.it/ihczg3pmle3z.jpg,A3AC9B,AFB8A7,B0B9A8
https://i.redd.it/cpkq97klre4z.jpg,B4B4A4,767767,777868
http://i.imgur.com/RycdbMO.jpg,D2C6BC,F2F9FF,D6CAC0
https://i.redd.it/sn7ufk9fsv4z.jpg,CACFD5,CBD0D6,CCD1D7
https://i.redd.it/n9jq5j2tatcy.jpg,F3FFFD,F4FFFF,F3FFFF
https://i.redd.it/0qow2dksb34z.jpg,FFFFFE,A0CAEC,FFFFFF
http://i.imgur.com/pt9rmrv.jpg,FBEADA,FCEBDB,FFFFFF
https://i.redd.it/7ofdqmp53bzy.jpg,93886C,94896D,958A6E
http://i.imgur.com/6pnYQUv.jpg,17191C,191B1E,181A1D
https://i.redd.it/ftd3sx5ah13z.jpg,B54B31,B44B2C,FDFFFF
https://i.redd.it/nrafqoujmety.jpg,ECECEC,FFFFFF,000000
https://i.redd.it/rubsfuf64lvy.jpg,BAB3A1,BCB5A3,BBB4A2
https://i.redd.it/c5pk0vnpg3ty.jpg,FEFEFE,6E81CE,6E81CD
https://i.redd.it/ru12lvaf7jyy.jpg,9E9A98,9C9896,9D9997
http://i.imgur.com/qvnjbVw.jpg,AAADB6,A8ABB4,A9ACB5
https://i.imgur.com/HRgRMOw.jpg,40895A,408A59,A4A3A8
https://i.redd.it/ax4eueu0szpy.jpg,BCBAC7,BCBAC9,222739
https://i.redd.it/guul6eld2soy.jpg,807967,6D7D96,6B7B94
https://i.redd.it/tb5pckm6e72y.jpg,A1A29E,A0A19D,B8B6AB
https://i.redd.it/fyqzavufvjwy.jpg,DBAE81,FEFEFE,DDB083
http://i.imgur.com/Gh2I3pq.jpg,CFBAA9,C7B09E,CEB9A8
http://i.imgur.com/FApqk3D.jpg,F3C300,000000,FFFFFF
http://i.imgur.com/TKLs9lo.jpg,F7F7F7,FEFEFE,FFFFFF
https://i.redd.it/m4cfqp8wfv5z.jpg,D0D0D0,D1D1D1,DADADC
https://i.redd.it/4m5yk8gjrtzy.jpg,030001,020001,010101
http://i.imgur.com/enhDnTM.jpg,C7E5EF,000000,FFFFFF
http://i.imgur.com/lcEUZHv.jpg,444A5A,C6BCBF,FFFFFF
https://i.redd.it/xae65ypfqycy.jpg,C24541,C83A2E,F4F4F4
https://i.redd.it/1nlgrn49x7ry.jpg,13100D,101010,0F0F0F
https://i.redd.it/w5q6gldnvcuy.jpg,18151C,19161D,F3F3F3
https://i.redd.it/d8021b5i2moy.jpg,020405,010304,FFFFFF
https://i.redd.it/s5viyluv421z.jpg,7A522F,F6EFDE,F5EEDD
https://i.redd.it/lsuw4p2ncyny.jpg,FFFFFE,A77842,FFFFFF
https://i.redd.it/h5t3qddvvzry.jpg,020202,0D0D0D,0E0E0E
http://i.imgur.com/sXhEQez.jpg,FEFEFE,000000,FFFFFF
http://i.imgur.com/M3NOzLC.jpg,928F7C,93907D,FFFFFF
https://i.redd.it/cwljeujku33z.jpg,EAE5DE,E4E1DC,E9E6DF
https://i.redd.it/fsuv32a1cc9y.jpg,FDFDFD,FEFEFE,FFFFFF
http://i.imgur.com/tyDhTll.jpg,060604,050503,070705
http://i.imgur.com/puEqa4C.jpg,92909E,928FA2,908E9C
https://i.redd.it/ihczg3pmle3z.jpg,A3AC9B,AFB8A7,B0B9A8
https://i.redd.it/cpkq97klre4z.jpg,B4B4A4,767767,777868
http://i.imgur.com/RycdbMO.jpg,F2F9FF,D2C6BC,D6CAC0
https://i.redd.it/sn7ufk9fsv4z.jpg,CACFD5,CBD0D6,CCD1D7
https://i.redd.it/n9jq5j2tatcy.jpg,F3FFFD,F4FFFF,F3FFFF
https://i.redd.it/0qow2dksb34z.jpg,FFFFFE,A0CAEC,FFFFFF
http://i.imgur.com/pt9rmrv.jpg,FBEADA,FCEBDB,FFFFFF
http://i.imgur.com/6pnYQUv.jpg,17191C,191B1E,181A1D
https://i.redd.it/7ofdqmp53bzy.jpg,93886C,94896D,958A6E
https://i.redd.it/ftd3sx5ah13z.jpg,B54B31,B44B2C,FDFFFF
https://i.redd.it/nrafqoujmety.jpg,ECECEC,FFFFFF,000000
https://i.redd.it/rubsfuf64lvy.jpg,BAB3A1,BCB5A3,BBB4A2
https://i.redd.it/ru12lvaf7jyy.jpg,9E9A98,9C9896,9D9997
https://i.imgur.com/HRgRMOw.jpg,40895A,408A59,A4A3A8
https://i.redd.it/c5pk0vnpg3ty.jpg,FEFEFE,6E81CE,6E81CD
http://i.imgur.com/qvnjbVw.jpg,AAADB6,A8ABB4,A9ACB5
https://i.redd.it/ax4eueu0szpy.jpg,BCBAC7,BCBAC9,222739
https://i.redd.it/guul6eld2soy.jpg,807967,6D7D96,6B7B94
https://i.redd.it/tb5pckm6e72y.jpg,A1A29E,A0A19D,B8B6AB
https://i.redd.it/fyqzavufvjwy.jpg,DBAE81,FEFEFE,DDB083
http://i.imgur.com/Gh2I3pq.jpg,CFBAA9,C7B09E,CEB9A8
http://i.imgur.com/enhDnTM.jpg,C7E5EF,000000,FFFFFF
http://i.imgur.com/TKLs9lo.jpg,F7F7F7,FEFEFE,FFFFFF
http://i.imgur.com/FApqk3D.jpg,F3C300,000000,FFFFFF
https://i.redd.it/4m5yk8gjrtzy.jpg,030001,020001,010101
https://i.redd.it/m4cfqp8wfv5z.jpg,D0D0D0,D1D1D1,DADADC
http://i.imgur.com/lcEUZHv.jpg,444A5A,C6BCBF,FFFFFF
https://i.redd.it/1nlgrn49x7ry.jpg,13100D,101010,0F0F0F
https://i.redd.it/xae65ypfqycy.jpg,C24541,C83A2E,F4F4F4
https://i.redd.it/w5q6gldnvcuy.jpg,18151C,19161D,F3F3F3
https://i.redd.it/d8021b5i2moy.jpg,020405,010304,FFFFFF
https://i.redd.it/s5viyluv421z.jpg,7A522F,F6EFDE,F5EEDD
https://i.redd.it/h5t3qddvvzry.jpg,020202,0D0D0D,0E0E0E
https://i.redd.it/lsuw4p2ncyny.jpg,FFFFFE,A77842,FFFFFF
http://i.imgur.com/sXhEQez.jpg,FEFEFE,000000,FFFFFF
http://i.imgur.com/M3NOzLC.jpg,928F7C,93907D,FFFFFF
https://i.redd.it/fsuv32a1cc9y.jpg,FDFDFD,FEFEFE,FFFFFF
https://i.redd.it/cwljeujku33z.jpg,EAE5DE,E4E1DC,E9E6DF
http://i.imgur.com/tyDhTll.jpg,060604,050503,070705
http://i.imgur.com/puEqa4C.jpg,92909E,928FA2,908E9C
https://i.redd.it/ihczg3pmle3z.jpg,A3AC9B,AFB8A7,B0B9A8
https://i.redd.it/cpkq97klre4z.jpg,B4B4A4,767767,777868
http://i.imgur.com/RycdbMO.jpg,F2F9FF,D2C6BC,D6CAC0
https://i.redd.it/sn7ufk9fsv4z.jpg,CACFD5,CBD0D6,CCD1D7
https://i.redd.it/n9jq5j2tatcy.jpg,F3FFFD,F4FFFF,F3FFFF
https://i.redd.it/0qow2dksb34z.jpg,FFFFFE,A0CAEC,FFFFFF
http://i.imgur.com/pt9rmrv.jpg,FBEADA,FCEBDB,FFFFFF
http://i.imgur.com/6pnYQUv.jpg,17191C,191B1E,181A1D
https://i.redd.it/7ofdqmp53bzy.jpg,93886C,94896D,958A6E
https://i.redd.it/ftd3sx5ah13z.jpg,B54B31,B44B2C,FDFFFF
https://i.redd.it/nrafqoujmety.jpg,ECECEC,FFFFFF,000000
https://i.redd.it/rubsfuf64lvy.jpg,BAB3A1,BCB5A3,BBB4A2
https://i.imgur.com/HRgRMOw.jpg,40895A,408A59,A4A3A8
https://i.redd.it/c5pk0vnpg3ty.jpg,FEFEFE,6E81CE,6E81CD
https://i.redd.it/ru12lvaf7jyy.jpg,9E9A98,9C9896,9D9997
http://i.imgur.com/qvnjbVw.jpg,AAADB6,A8ABB4,A9ACB5
https://i.redd.it/ax4eueu0szpy.jpg,BCBAC7,BCBAC9,222739
https://i.redd.it/guul6eld2soy.jpg,807967,6D7D96,6B7B94
https://i.redd.it/tb5pckm6e72y.jpg,A1A29E,A0A19D,B8B6AB
https://i.redd.it/fyqzavufvjwy.jpg,DBAE81,FEFEFE,DDB083
http://i.imgur.com/Gh2I3pq.jpg,CFBAA9,C7B09E,CEB9A8
http://i.imgur.com/enhDnTM.jpg,C7E5EF,000000,FFFFFF
http://i.imgur.com/TKLs9lo.jpg,F7F7F7,FEFEFE,FFFFFF
http://i.imgur.com/FApqk3D.jpg,F3C300,000000,FFFFFF
https://i.redd.it/4m5yk8gjrtzy.jpg,030001,020001,010101
https://i.redd.it/m4cfqp8wfv5z.jpg,D0D0D0,D1D1D1,DADADC
http://i.imgur.com/lcEUZHv.jpg,444A5A,C6BCBF,FFFFFF
https://i.redd.it/1nlgrn49x7ry.jpg,13100D,101010,0F0F0F
https://i.redd.it/xae65ypfqycy.jpg,C24541,C83A2E,F4F4F4
https://i.redd.it/w5q6gldnvcuy.jpg,18151C,19161D,F3F3F3
https://i.redd.it/d8021b5i2moy.jpg,020405,010304,FFFFFF
https://i.redd.it/s5viyluv421z.jpg,7A522F,F6EFDE,F5EEDD
https://i.redd.it/h5t3qddvvzry.jpg,020202,0D0D0D,0E0E0E
https://i.redd.it/lsuw4p2ncyny.jpg,FFFFFE,A77842,FFFFFF
http://i.imgur.com/sXhEQez.jpg,FEFEFE,000000,FFFFFF
http://i.imgur.com/M3NOzLC.jpg,928F7C,93907D,FFFFFF
https://i.redd.it/fsuv32a1cc9y.jpg,FDFDFD,FEFEFE,FFFFFF
https://i.redd.it/cwljeujku33z.jpg,EAE5DE,E4E1DC,E9E6DF
http://i.imgur.com/tyDhTll.jpg,060604,050503,070705
http://i.imgur.com/puEqa4C.jpg,92909E,928FA2,908E9C
https://i.redd.it/ihczg3pmle3z.jpg,A3AC9B,AFB8A7,B0B9A8
https://i.redd.it/cpkq97klre4z.jpg,B4B4A4,767767,777868
http://i.imgur.com/RycdbMO.jpg,D2C6BC,F2F9FF,D6CAC0
https://i.redd.it/sn7ufk9fsv4z.jpg,CACFD5,CBD0D6,CCD1D7
https://i.redd.it/n9jq5j2tatcy.jpg,F3FFFD,F4FFFF,F3FFFF
https://i.redd.it/0qow2dksb34z.jpg,FFFFFE,A0CAEC,FFFFFF
http://i.imgur.com/pt9rmrv.jpg,FBEADA,FCEBDB,FFFFFF
http://i.imgur.com/6pnYQUv.jpg,17191C,191B1E,181A1D
https://i.redd.it/ftd3sx5ah13z.jpg,B54B31,B44B2C,FDFFFF
https://i.redd.it/7ofdqmp53bzy.jpg,93886C,94896D,958A6E
https://i.redd.it/nrafqoujmety.jpg,ECECEC,FFFFFF,000000
https://i.redd.it/rubsfuf64lvy.jpg,BAB3A1,BCB5A3,BBB4A2
https://i.redd.it/ru12lvaf7jyy.jpg,9E9A98,9C9896,9D9997
http://i.imgur.com/qvnjbVw.jpg,AAADB6,A8ABB4,A9ACB5
https://i.redd.it/c5pk0vnpg3ty.jpg,FEFEFE,6E81CE,6E81CD
https://i.redd.it/ax4eueu0szpy.jpg,BCBAC7,BCBAC9,222739
https://i.imgur.com/HRgRMOw.jpg,40895A,408A59,A4A3A8
https://i.redd.it/guul6eld2soy.jpg,807967,6D7D96,6B7B94
https://i.redd.it/tb5pckm6e72y.jpg,A1A29E,A0A19D,B8B6AB
https://i.redd.it/fyqzavufvjwy.jpg,DBAE81,FEFEFE,DDB083
http://i.imgur.com/Gh2I3pq.jpg,CFBAA9,C7B09E,CEB9A8
http://i.imgur.com/enhDnTM.jpg,C7E5EF,000000,FFFFFF
http://i.imgur.com/TKLs9lo.jpg,F7F7F7,FEFEFE,FFFFFF
http://i.imgur.com/FApqk3D.jpg,F3C300,000000,FFFFFF
https://i.redd.it/m4cfqp8wfv5z.jpg,D0D0D0,D1D1D1,DADADC
https://i.redd.it/4m5yk8gjrtzy.jpg,030001,020001,010101
http://i.imgur.com/lcEUZHv.jpg,444A5A,C6BCBF,FFFFFF
https://i.redd.it/1nlgrn49x7ry.jpg,13100D,101010,0F0F0F
https://i.redd.it/xae65ypfqycy.jpg,C24541,C83A2E,F4F4F4
https://i.redd.it/w5q6gldnvcuy.jpg,18151C,19161D,F3F3F3
https://i.redd.it/s5viyluv421z.jpg,7A522F,F6EFDE,F5EEDD
https://i.redd.it/h5t3qddvvzry.jpg,020202,0D0D0D,0E0E0E
https://i.redd.it/d8021b5i2moy.jpg,020405,010304,FFFFFF
https://i.redd.it/lsuw4p2ncyny.jpg,FFFFFE,A77842,FFFFFF
http://i.imgur.com/sXhEQez.jpg,FEFEFE,000000,FFFFFF
http://i.imgur.com/M3NOzLC.jpg,928F7C,93907D,FFFFFF
https://i.redd.it/fsuv32a1cc9y.jpg,FDFDFD,FEFEFE,FFFFFF
https://i.redd.it/cwljeujku33z.jpg,EAE5DE,E4E1DC,E9E6DF
http://i.imgur.com/tyDhTll.jpg,060604,050503,070705
http://i.imgur.com/puEqa4C.jpg,92909E,928FA2,908E9C
https://i.redd.it/ihczg3pmle3z.jpg,A3AC9B,AFB8A7,B0B9A8
https://i.redd.it/cpkq97klre4z.jpg,B4B4A4,767767,777868
http://i.imgur.com/RycdbMO.jpg,D2C6BC,F2F9FF,D6CAC0
https://i.redd.it/sn7ufk9fsv4z.jpg,CACFD5,CBD0D6,CCD1D7
https://i.redd.it/n9jq5j2tatcy.jpg,F3FFFD,F4FFFF,F3FFFF
https://i.redd.it/7ofdqmp53bzy.jpg,93886C,94896D,958A6E
https://i.redd.it/ftd3sx5ah13z.jpg,B54B31,B44B2C,FDFFFF
https://i.redd.it/0qow2dksb34z.jpg,FFFFFE,A0CAEC,FFFFFF
http://i.imgur.com/pt9rmrv.jpg,FBEADA,FCEBDB,FFFFFF
http://i.imgur.com/6pnYQUv.jpg,17191C,191B1E,181A1D
https://i.redd.it/nrafqoujmety.jpg,ECECEC,FFFFFF,000000
https://i.redd.it/ru12lvaf7jyy.jpg,9E9A98,9C9896,9D9997
https://i.redd.it/rubsfuf64lvy.jpg,BAB3A1,BCB5A3,BBB4A2
https://i.redd.it/c5pk0vnpg3ty.jpg,FEFEFE,6E81CE,6E81CD
http://i.imgur.com/qvnjbVw.jpg,AAADB6,A8ABB4,A9ACB5
https://i.redd.it/ax4eueu0szpy.jpg,BCBAC7,BCBAC9,222739
https://i.imgur.com/HRgRMOw.jpg,40895A,408A59,A4A3A8
https://i.redd.it/guul6eld2soy.jpg,807967,6D7D96,6B7B94
https://i.redd.it/tb5pckm6e72y.jpg,A1A29E,A0A19D,B8B6AB
https://i.redd.it/fyqzavufvjwy.jpg,DBAE81,FEFEFE,DDB083
http://i.imgur.com/enhDnTM.jpg,C7E5EF,000000,FFFFFF
http://i.imgur.com/Gh2I3pq.jpg,CFBAA9,C7B09E,CEB9A8
http://i.imgur.com/TKLs9lo.jpg,F7F7F7,FEFEFE,FFFFFF
http://i.imgur.com/FApqk3D.jpg,F3C300,000000,FFFFFF
https://i.redd.it/4m5yk8gjrtzy.jpg,030001,020001,010101
https://i.redd.it/m4cfqp8wfv5z.jpg,D0D0D0,D1D1D1,DADADC
http://i.imgur.com/lcEUZHv.jpg,444A5A,C6BCBF,FFFFFF
https://i.redd.it/1nlgrn49x7ry.jpg,13100D,101010,0F0F0F
https://i.redd.it/xae65ypfqycy.jpg,C24541,C83A2E,F4F4F4
https://i.redd.it/w5q6gldnvcuy.jpg,18151C,19161D,F3F3F3
https://i.redd.it/d8021b5i2moy.jpg,020405,010304,FFFFFF
https://i.redd.it/s5viyluv421z.jpg,7A522F,F6EFDE,F5EEDD
https://i.redd.it/h5t3qddvvzry.jpg,020202,0D0D0D,0E0E0E
https://i.redd.it/lsuw4p2ncyny.jpg,FFFFFE,A77842,FFFFFF
http://i.imgur.com/sXhEQez.jpg,FEFEFE,000000,FFFFFF
http://i.imgur.com/M3NOzLC.jpg,928F7C,93907D,FFFFFF
https://i.redd.it/cwljeujku33z.jpg,EAE5DE,E4E1DC,E9E6DF
https://i.redd.it/fsuv32a1cc9y.jpg,FDFDFD,FEFEFE,FFFFFF
http://i.imgur.com/tyDhTll.jpg,060604,050503,070705
http://i.imgur.com/puEqa4C.jpg,92909E,928FA2,908E9C
https://i.redd.it/ihczg3pmle3z.jpg,A3AC9B,AFB8A7,B0B9A8
https://i.redd.it/cpkq97klre4z.jpg,B4B4A4,767767,777868
http://i.imgur.com/RycdbMO.jpg,F2F9FF,D2C6BC,D6CAC0
https://i.redd.it/sn7ufk9fsv4z.jpg,CACFD5,CBD0D6,CCD1D7
https://i.redd.it/n9jq5j2tatcy.jpg,F3FFFD,F4FFFF,F3FFFF
https://i.redd.it/0qow2dksb34z.jpg,FFFFFE,A0CAEC,FFFFFF
http://i.imgur.com/pt9rmrv.jpg,FBEADA,FCEBDB,FFFFFF
http://i.imgur.com/6pnYQUv.jpg,17191C,191B1E,181A1D
https://i.redd.it/7ofdqmp53bzy.jpg,93886C,94896D,958A6E
https://i.redd.it/ftd3sx5ah13z.jpg,B54B31,B44B2C,FDFFFF
https://i.redd.it/nrafqoujmety.jpg,ECECEC,FFFFFF,000000
https://i.redd.it/rubsfuf64lvy.jpg,BAB3A1,BCB5A3,BBB4A2
https://i.redd.it/ru12lvaf7jyy.jpg,9E9A98,9C9896,9D9997
https://i.redd.it/c5pk0vnpg3ty.jpg,FEFEFE,6E81CE,6E81CD
http://i.imgur.com/qvnjbVw.jpg,AAADB6,A8ABB4,A9ACB5
https://i.imgur.com/HRgRMOw.jpg,40895A,408A59,A4A3A8
https://i.redd.it/ax4eueu0szpy.jpg,BCBAC7,BCBAC9,222739
https://i.redd.it/guul6eld2soy.jpg,807967,6D7D96,6B7B94
https://i.redd.it/tb5pckm6e72y.jpg,A1A29E,A0A19D,B8B6AB
https://i.redd.it/fyqzavufvjwy.jpg,DBAE81,FEFEFE,DDB083
http://i.imgur.com/Gh2I3pq.jpg,CFBAA9,C7B09E,CEB9A8
http://i.imgur.com/FApqk3D.jpg,F3C300,000000,FFFFFF
http://i.imgur.com/TKLs9lo.jpg,F7F7F7,FEFEFE,FFFFFF
http://i.imgur.com/enhDnTM.jpg,C7E5EF,000000,FFFFFF
https://i.redd.it/4m5yk8gjrtzy.jpg,030001,020001,010101
https://i.redd.it/m4cfqp8wfv5z.jpg,D0D0D0,D1D1D1,DADADC
http://i.imgur.com/lcEUZHv.jpg,444A5A,C6BCBF,FFFFFF
https://i.redd.it/1nlgrn49x7ry.jpg,13100D,101010,0F0F0F
https://i.redd.it/xae65ypfqycy.jpg,C24541,C83A2E,F4F4F4
https://i.redd.it/w5q6gldnvcuy.jpg,18151C,19161D,F3F3F3
https://i.redd.it/s5viyluv421z.jpg,7A522F,F6EFDE,F5EEDD
https://i.redd.it/d8021b5i2moy.jpg,020405,010304,FFFFFF
https://i.redd.it/h5t3qddvvzry.jpg,020202,0D0D0D,0E0E0E
https://i.redd.it/lsuw4p2ncyny.jpg,FFFFFE,A77842,FFFFFF
http://i.imgur.com/sXhEQez.jpg,FEFEFE,000000,FFFFFF
http://i.imgur.com/M3NOzLC.jpg,928F7C,93907D,FFFFFF
https://i.redd.it/fsuv32a1cc9y.jpg,FDFDFD,FEFEFE,FFFFFF
https://i.redd.it/cwljeujku33z.jpg,EAE5DE,E4E1DC,E9E6DF
http://i.imgur.com/tyDhTll.jpg,060604,050503,070705
http://i.imgur.com/puEqa4C.jpg,92909E,928FA2,908E9C
https://i.redd.it/ihczg3pmle3z.jpg,A3AC9B,AFB8A7,B0B9A8
https://i.redd.it/cpkq97klre4z.jpg,B4B4A4,767767,777868
http://i.imgur.com/RycdbMO.jpg,F2F9FF,D2C6BC,D6CAC0
https://i.redd.it/sn7ufk9fsv4z.jpg,CACFD5,CBD0D6,CCD1D7
https://i.redd.it/n9jq5j2tatcy.jpg,F3FFFD,F4FFFF,F3FFFF
https://i.redd.it/0qow2dksb34z.jpg,FFFFFE,A0CAEC,FFFFFF
http://i.imgur.com/pt9rmrv.jpg,FBEADA,FCEBDB,FFFFFF
http://i.imgur.com/6pnYQUv.jpg,17191C,191B1E,181A1D
https://i.redd.it/7ofdqmp53bzy.jpg,93886C,94896D,958A6E
https://i.redd.it/ftd3sx5ah13z.jpg,B54B31,B44B2C,FDFFFF
https://i.redd.it/nrafqoujmety.jpg,ECECEC,FFFFFF,000000
https://i.redd.it/rubsfuf64lvy.jpg,BAB3A1,BCB5A3,BBB4A2
https://i.redd.it/ru12lvaf7jyy.jpg,9E9A98,9C9896,9D9997
https://i.redd.it/c5pk0vnpg3ty.jpg,FEFEFE,6E81CE,6E81CD
http://i.imgur.com/qvnjbVw.jpg,AAADB6,A8ABB4,A9ACB5
https://i.imgur.com/HRgRMOw.jpg,40895A,408A59,A4A3A8
https://i.redd.it/ax4eueu0szpy.jpg,BCBAC7,BCBAC9,222739
https://i.redd.it/guul6eld2soy.jpg,807967,6D7D96,6B7B94
https://i.redd.it/tb5pckm6e72y.jpg,A1A29E,A0A19D,B8B6AB
https://i.redd.it/fyqzavufvjwy.jpg,DBAE81,FEFEFE,DDB083
http://i.imgur.com/Gh2I3pq.jpg,CFBAA9,C7B09E,CEB9A8
http://i.imgur.com/FApqk3D.jpg,F3C300,000000,FFFFFF
http://i.imgur.com/TKLs9lo.jpg,F7F7F7,FEFEFE,FFFFFF
http://i.imgur.com/enhDnTM.jpg,C7E5EF,000000,FFFFFF
https://i.redd.it/m4cfqp8wfv5z.jpg,D0D0D0,D1D1D1,DADADC
https://i.redd.it/4m5yk8gjrtzy.jpg,030001,020001,010101
http://i.imgur.com/lcEUZHv.jpg,444A5A,C6BCBF,FFFFFF
https://i.redd.it/1nlgrn49x7ry.jpg,13100D,101010,0F0F0F
https://i.redd.it/xae65ypfqycy.jpg,C24541,C83A2E,F4F4F4
https://i.redd.it/w5q6gldnvcuy.jpg,18151C,19161D,F3F3F3
https://i.redd.it/s5viyluv421z.jpg,7A522F,F6EFDE,F5EEDD
https://i.redd.it/d8021b5i2moy.jpg,020405,010304,FFFFFF
https://i.redd.it/lsuw4p2ncyny.jpg,FFFFFE,A77842,FFFFFF
https://i.redd.it/h5t3qddvvzry.jpg,020202,0D0D0D,0E0E0E
http://i.imgur.com/sXhEQez.jpg,FEFEFE,000000,FFFFFF
http://i.imgur.com/M3NOzLC.jpg,928F7C,93907D,FFFFFF
https://i.redd.it/cwljeujku33z.jpg,EAE5DE,E4E1DC,E9E6DF
https://i.redd.it/fsuv32a1cc9y.jpg,FDFDFD,FEFEFE,FFFFFF
http://i.imgur.com/tyDhTll.jpg,060604,050503,070705
http://i.imgur.com/puEqa4C.jpg,92909E,928FA2,908E9C
https://i.redd.it/ihczg3pmle3z.jpg,A3AC9B,AFB8A7,B0B9A8
https://i.redd.it/cpkq97klre4z.jpg,B4B4A4,767767,777868
http://i.imgur.com/RycdbMO.jpg,D2C6BC,F2F9FF,D6CAC0
https://i.redd.it/sn7ufk9fsv4z.jpg,CACFD5,CBD0D6,CCD1D7
https://i.redd.it/n9jq5j2tatcy.jpg,F3FFFD,F4FFFF,F3FFFF
https://i.redd.it/0qow2dksb34z.jpg,FFFFFE,A0CAEC,FFFFFF
http://i.imgur.com/pt9rmrv.jpg,FBEADA,FCEBDB,FFFFFF
http://i.imgur.com/6pnYQUv.jpg,17191C,191B1E,181A1D
https://i.redd.it/7ofdqmp53bzy.jpg,93886C,94896D,958A6E
https://i.redd.it/ftd3sx5ah13z.jpg,B54B31,B44B2C,FDFFFF
https://i.redd.it/nrafqoujmety.jpg,ECECEC,FFFFFF,000000
https://i.redd.it/ru12lvaf7jyy.jpg,9E9A98,9C9896,9D9997
https://i.redd.it/rubsfuf64lvy.jpg,BAB3A1,BCB5A3,BBB4A2
https://i.redd.it/c5pk0vnpg3ty.jpg,FEFEFE,6E81CE,6E81CD
http://i.imgur.com/qvnjbVw.jpg,AAADB6,A8ABB4,A9ACB5
https://i.imgur.com/HRgRMOw.jpg,40895A,408A59,A4A3A8
https://i.redd.it/ax4eueu0szpy.jpg,BCBAC7,BCBAC9,222739
https://i.redd.it/guul6eld2soy.jpg,807967,6D7D96,6B7B94
https://i.redd.it/tb5pckm6e72y.jpg,A1A29E,A0A19D,B8B6AB
https://i.redd.it/fyqzavufvjwy.jpg,DBAE81,FEFEFE,DDB083
http://i.imgur.com/Gh2I3pq.jpg,CFBAA9,C7B09E,CEB9A8
http://i.imgur.com/FApqk3D.jpg,F3C300,000000,FFFFFF
http://i.imgur.com/enhDnTM.jpg,C7E5EF,000000,FFFFFF
http://i.imgur.com/TKLs9lo.jpg,F7F7F7,FEFEFE,FFFFFF
https://i.redd.it/4m5yk8gjrtzy.jpg,030001,020001,010101
https://i.redd.it/m4cfqp8wfv5z.jpg,D0D0D0,D1D1D1,DADADC
http://i.imgur.com/lcEUZHv.jpg,444A5A,C6BCBF,FFFFFF
https://i.redd.it/1nlgrn49x7ry.jpg,13100D,101010,0F0F0F
https://i.redd.it/xae65ypfqycy.jpg,C24541,C83A2E,F4F4F4
https://i.redd.it/w5q6gldnvcuy.jpg,18151C,19161D,F3F3F3
https://i.redd.it/s5viyluv421z.jpg,7A522F,F6EFDE,F5EEDD
https://i.redd.it/d8021b5i2moy.jpg,020405,010304,FFFFFF
https://i.redd.it/h5t3qddvvzry.jpg,020202,0D0D0D,0E0E0E
https://i.redd.it/lsuw4p2ncyny.jpg,FFFFFE,A77842,FFFFFF
http://i.imgur.com/sXhEQez.jpg,FEFEFE,000000,FFFFFF
http://i.imgur.com/M3NOzLC.jpg,928F7C,93907D,FFFFFF
https://i.redd.it/fsuv32a1cc9y.jpg,FDFDFD,FEFEFE,FFFFFF
https://i.redd.it/cwljeujku33z.jpg,EAE5DE,E4E1DC,E9E6DF
http://i.imgur.com/tyDhTll.jpg,060604,050503,070705
http://i.imgur.com/puEqa4C.jpg,92909E,928FA2,908E9C
https://i.redd.it/ihczg3pmle3z.jpg,A3AC9B,AFB8A7,B0B9A8
https://i.redd.it/cpkq97klre4z.jpg,B4B4A4,767767,777868
http://i.imgur.com/RycdbMO.jpg,F2F9FF,D2C6BC,D6CAC0
https://i.redd.it/sn7ufk9fsv4z.jpg,CACFD5,CBD0D6,CCD1D7
https://i.redd.it/n9jq5j2tatcy.jpg,F3FFFD,F4FFFF,F3FFFF
https://i.redd.it/0qow2dksb34z.jpg,FFFFFE,A0CAEC,FFFFFF
http://i.imgur.com/pt9rmrv.jpg,FBEADA,FCEBDB,FFFFFF
http://i.imgur.com/6pnYQUv.jpg,17191C,191B1E,181A1D
https://i.redd.it/7ofdqmp53bzy.jpg,93886C,94896D,958A6E
https://i.redd.it/ftd3sx5ah13z.jpg,B54B31,B44B2C,FDFFFF
https://i.redd.it/nrafqoujmety.jpg,ECECEC,FFFFFF,000000
https://i.redd.it/rubsfuf64lvy.jpg,BAB3A1,BCB5A3,BBB4A2
https://i.redd.it/ru12lvaf7jyy.jpg,9E9A98,9C9896,9D9997
https://i.redd.it/c5pk0vnpg3ty.jpg,FEFEFE,6E81CE,6E81CD
https://i.imgur.com/HRgRMOw.jpg,40895A,408A59,A4A3A8
http://i.imgur.com/qvnjbVw.jpg,AAADB6,A8ABB4,A9ACB5
https://i.redd.it/ax4eueu0szpy.jpg,BCBAC7,BCBAC9,222739
https://i.redd.it/guul6eld2soy.jpg,807967,6D7D96,6B7B94
https://i.redd.it/tb5pckm6e72y.jpg,A1A29E,A0A19D,B8B6AB
https://i.redd.it/fyqzavufvjwy.jpg,DBAE81,FEFEFE,DDB083
http://i.imgur.com/Gh2I3pq.jpg,CFBAA9,C7B09E,CEB9A8
http://i.imgur.com/enhDnTM.jpg,C7E5EF,000000,FFFFFF
http://i.imgur.com/FApqk3D.jpg,F3C300,000000,FFFFFF
http://i.imgur.com/TKLs9lo.jpg,F7F7F7,FEFEFE,FFFFFF
https://i.redd.it/4m5yk8gjrtzy.jpg,030001,020001,010101
https://i.redd.it/m4cfqp8wfv5z.jpg,D0D0D0,D1D1D1,DADADC
http://i.imgur.com/lcEUZHv.jpg,444A5A,C6BCBF,FFFFFF
https://i.redd.it/1nlgrn49x7ry.jpg,13100D,101010,0F0F0F
https://i.redd.it/xae65ypfqycy.jpg,C24541,C83A2E,F4F4F4
https://i.redd.it/w5q6gldnvcuy.jpg,18151C,19161D,F3F3F3
https://i.redd.it/d8021b5i2moy.jpg,020405,010304,FFFFFF
https://i.redd.it/s5viyluv421z.jpg,7A522F,F6EFDE,F5EEDD
https://i.redd.it/h5t3qddvvzry.jpg,020202,0D0D0D,0E0E0E
https://i.redd.it/lsuw4p2ncyny.jpg,FFFFFE,A77842,FFFFFF
http://i.imgur.com/sXhEQez.jpg,FEFEFE,000000,FFFFFF
http://i.imgur.com/M3NOzLC.jpg,928F7C,93907D,FFFFFF
https://i.redd.it/fsuv32a1cc9y.jpg,FDFDFD,FEFEFE,FFFFFF
https://i.redd.it/cwljeujku33z.jpg,EAE5DE,E4E1DC,E9E6DF
http://i.imgur.com/tyDhTll.jpg,060604,050503,070705
http://i.imgur.com/puEqa4C.jpg,92909E,928FA2,908E9C
https://i.redd.it/ihczg3pmle3z.jpg,A3AC9B,AFB8A7,B0B9A8
https://i.redd.it/cpkq97klre4z.jpg,B4B4A4,767767,777868
http://i.imgur.com/RycdbMO.jpg,D2C6BC,F2F9FF,D6CAC0
https://i.redd.it/sn7ufk9fsv4z.jpg,CACFD5,CBD0D6,CCD1D7
https://i.redd.it/n9jq5j2tatcy.jpg,F3FFFD,F4FFFF,F3FFFF
https://i.redd.it/0qow2dksb34z.jpg,FFFFFE,A0CAEC,FFFFFF
http://i.imgur.com/pt9rmrv.jpg,FBEADA,FCEBDB,FFFFFF
http://i.imgur.com/6pnYQUv.jpg,17191C,191B1E,181A1D
https://i.redd.it/ftd3sx5ah13z.jpg,B54B31,B44B2C,FDFFFF
https://i.redd.it/7ofdqmp53bzy.jpg,93886C,94896D,958A6E
https://i.redd.it/nrafqoujmety.jpg,ECECEC,FFFFFF,000000
https://i.redd.it/rubsfuf64lvy.jpg,BAB3A1,BCB5A3,BBB4A2
https://i.redd.it/ru12lvaf7jyy.jpg,9E9A98,9C9896,9D9997
https://i.redd.it/c5pk0vnpg3ty.jpg,FEFEFE,6E81CE,6E81CD
http://i.imgur.com/qvnjbVw.jpg,AAADB6,A8ABB4,A9ACB5
https://i.redd.it/ax4eueu0szpy.jpg,BCBAC7,BCBAC9,222739
https://i.imgur.com/HRgRMOw.jpg,40895A,408A59,A4A3A8
https://i.redd.it/guul6eld2soy.jpg,807967,6D7D96,6B7B94
https://i.redd.it/tb5pckm6e72y.jpg,A1A29E,A0A19D,B8B6AB
https://i.redd.it/fyqzavufvjwy.jpg,DBAE81,FEFEFE,DDB083
http://i.imgur.com/Gh2I3pq.jpg,CFBAA9,C7B09E,CEB9A8
http://i.imgur.com/FApqk3D.jpg,F3C300,000000,FFFFFF
http://i.imgur.com/enhDnTM.jpg,C7E5EF,000000,FFFFFF
http://i.imgur.com/TKLs9lo.jpg,F7F7F7,FEFEFE,FFFFFF
https://i.redd.it/m4cfqp8wfv5z.jpg,D0D0D0,D1D1D1,DADADC
https://i.redd.it/4m5yk8gjrtzy.jpg,030001,020001,010101
http://i.imgur.com/lcEUZHv.jpg,444A5A,C6BCBF,FFFFFF
https://i.redd.it/1nlgrn49x7ry.jpg,13100D,101010,0F0F0F
https://i.redd.it/xae65ypfqycy.jpg,C24541,C83A2E,F4F4F4
https://i.redd.it/w5q6gldnvcuy.jpg,18151C,19161D,F3F3F3
https://i.redd.it/s5viyluv421z.jpg,7A522F,F6EFDE,F5EEDD
https://i.redd.it/h5t3qddvvzry.jpg,020202,0D0D0D,0E0E0E
https://i.redd.it/lsuw4p2ncyny.jpg,FFFFFE,A77842,FFFFFF
https://i.redd.it/d8021b5i2moy.jpg,020405,010304,FFFFFF
http://i.imgur.com/sXhEQez.jpg,FEFEFE,000000,FFFFFF
https://i.redd.it/cwljeujku33z.jpg,EAE5DE,E4E1DC,E9E6DF
http://i.imgur.com/M3NOzLC.jpg,928F7C,93907D,FFFFFF
https://i.redd.it/fsuv32a1cc9y.jpg,FDFDFD,FEFEFE,FFFFFF
http://i.imgur.com/tyDhTll.jpg,060604,050503,070705
http://i.imgur.com/puEqa4C.jpg,92909E,928FA2,908E9C
https://i.redd.it/ihczg3pmle3z.jpg,A3AC9B,AFB8A7,B0B9A8
https://i.redd.it/cpkq97klre4z.jpg,B4B4A4,767767,777868
http://i.imgur.com/RycdbMO.jpg,F2F9FF,D2C6BC,D6CAC0
https://i.redd.it/sn7ufk9fsv4z.jpg,CACFD5,CBD0D6,CCD1D7
https://i.redd.it/n9jq5j2tatcy.jpg,F3FFFD,F4FFFF,F3FFFF
https://i.redd.it/0qow2dksb34z.jpg,FFFFFE,A0CAEC,FFFFFF
http://i.imgur.com/pt9rmrv.jpg,FBEADA,FCEBDB,FFFFFF
http://i.imgur.com/6pnYQUv.jpg,17191C,191B1E,181A1D
https://i.redd.it/ftd3sx5ah13z.jpg,B54B31,B44B2C,FDFFFF
https://i.redd.it/7ofdqmp53bzy.jpg,93886C,94896D,958A6E
https://i.redd.it/nrafqoujmety.jpg,ECECEC,FFFFFF,000000
https://i.redd.it/rubsfuf64lvy.jpg,BAB3A1,BCB5A3,BBB4A2
https://i.redd.it/ru12lvaf7jyy.jpg,9E9A98,9C9896,9D9997
http://i.imgur.com/qvnjbVw.jpg,AAADB6,A8ABB4,A9ACB5
https://i.redd.it/c5pk0vnpg3ty.jpg,FEFEFE,6E81CE,6E81CD
https://i.imgur.com/HRgRMOw.jpg,40895A,408A59,A4A3A8
https://i.redd.it/ax4eueu0szpy.jpg,BCBAC7,BCBAC9,222739
https://i.redd.it/guul6eld2soy.jpg,807967,6D7D96,6B7B94
https://i.redd.it/tb5pckm6e72y.jpg,A1A29E,A0A19D,B8B6AB
https://i.redd.it/fyqzavufvjwy.jpg,DBAE81,FEFEFE,DDB083
http://i.imgur.com/Gh2I3pq.jpg,CFBAA9,C7B09E,CEB9A8
http://i.imgur.com/enhDnTM.jpg,C7E5EF,000000,FFFFFF
http://i.imgur.com/TKLs9lo.jpg,F7F7F7,FEFEFE,FFFFFF
http://i.imgur.com/FApqk3D.jpg,F3C300,000000,FFFFFF
https://i.redd.it/4m5yk8gjrtzy.jpg,030001,020001,010101
https://i.redd.it/m4cfqp8wfv5z.jpg,D0D0D0,D1D1D1,DADADC
http://i.imgur.com/lcEUZHv.jpg,444A5A,C6BCBF,FFFFFF
https://i.redd.it/1nlgrn49x7ry.jpg,13100D,101010,0F0F0F
https://i.redd.it/xae65ypfqycy.jpg,C24541,C83A2E,F4F4F4
https://i.redd.it/w5q6gldnvcuy.jpg,18151C,19161D,F3F3F3
https://i.redd.it/s5viyluv421z.jpg,7A522F,F6EFDE,F5EEDD
https://i.redd.it/d8021b5i2moy.jpg,020405,010304,FFFFFF
https://i.redd.it/h5t3qddvvzry.jpg,020202,0D0D0D,0E0E0E
https://i.redd.it/lsuw4p2ncyny.jpg,FFFFFE,A77842,FFFFFF
http://i.imgur.com/sXhEQez.jpg,FEFEFE,000000,FFFFFF
http://i.imgur.com/M3NOzLC.jpg,928F7C,93907D,FFFFFF
https://i.redd.it/fsuv32a1cc9y.jpg,FDFDFD,FEFEFE,FFFFFF
https://i.redd.it/cwljeujku33z.jpg,EAE5DE,E4E1DC,E9E6DF
http://i.imgur.com/tyDhTll.jpg,060604,050503,070705
http://i.imgur.com/puEqa4C.jpg,92909E,928FA2,908E9C
https://i.redd.it/ihczg3pmle3z.jpg,A3AC9B,AFB8A7,B0B9A8
https://i.redd.it/cpkq97klre4z.jpg,B4B4A4,767767,777868
http://i.imgur.com/RycdbMO.jpg,F2F9FF,D2C6BC,D6CAC0
https://i.redd.it/sn7ufk9fsv4z.jpg,CACFD5,CBD0D6,CCD1D7
https://i.redd.it/n9jq5j2tatcy.jpg,F3FFFD,F4FFFF,F3FFFF
https://i.redd.it/0qow2dksb34z.jpg,FFFFFE,A0CAEC,FFFFFF
http://i.imgur.com/pt9rmrv.jpg,FBEADA,FCEBDB,FFFFFF
http://i.imgur.com/6pnYQUv.jpg,17191C,191B1E,181A1D
https://i.redd.it/7ofdqmp53bzy.jpg,93886C,94896D,958A6E
https://i.redd.it/ftd3sx5ah13z.jpg,B54B31,B44B2C,FDFFFF
https://i.redd.it/nrafqoujmety.jpg,ECECEC,FFFFFF,000000
https://i.redd.it/rubsfuf64lvy.jpg,BAB3A1,BCB5A3,BBB4A2
https://i.redd.it/ru12lvaf7jyy.jpg,9E9A98,9C9896,9D9997
https://i.redd.it/c5pk0vnpg3ty.jpg,FEFEFE,6E81CE,6E81CD
http://i.imgur.com/qvnjbVw.jpg,AAADB6,A8ABB4,A9ACB5
https://i.imgur.com/HRgRMOw.jpg,40895A,408A59,A4A3A8
https://i.redd.it/ax4eueu0szpy.jpg,BCBAC7,BCBAC9,222739
https://i.redd.it/guul6eld2soy.jpg,807967,6D7D96,6B7B94
https://i.redd.it/tb5pckm6e72y.jpg,A1A29E,A0A19D,B8B6AB
https://i.redd.it/fyqzavufvjwy.jpg,DBAE81,FEFEFE,DDB083
http://i.imgur.com/Gh2I3pq.jpg,CFBAA9,C7B09E,CEB9A8
http://i.imgur.com/FApqk3D.jpg,F3C300,000000,FFFFFF
http://i.imgur.com/TKLs9lo.jpg,F7F7F7,FEFEFE,FFFFFF
http://i.imgur.com/enhDnTM.jpg,C7E5EF,000000,FFFFFF
https://i.redd.it/4m5yk8gjrtzy.jpg,030001,020001,010101
https://i.redd.it/m4cfqp8wfv5z.jpg,D0D0D0,D1D1D1,DADADC
http://i.imgur.com/lcEUZHv.jpg,444A5A,C6BCBF,FFFFFF
https://i.redd.it/1nlgrn49x7ry.jpg,13100D,101010,0F0F0F
https://i.redd.it/xae65ypfqycy.jpg,C24541,C83A2E,F4F4F4
https://i.redd.it/w5q6gldnvcuy.jpg,18151C,19161D,F3F3F3
https://i.redd.it/d8021b5i2moy.jpg,020405,010304,FFFFFF
https://i.redd.it/s5viyluv421z.jpg,7A522F,F6EFDE,F5EEDD
https://i.redd.it/h5t3qddvvzry.jpg,020202,0D0D0D,0E0E0E
https://i.redd.it/lsuw4p2ncyny.jpg,FFFFFE,A77842,FFFFFF
http://i.imgur.com/sXhEQez.jpg,FEFEFE,000000,FFFFFF
http://i.imgur.com/M3NOzLC.jpg,928F7C,93907D,FFFFFF
https://i.redd.it/fsuv32a1cc9y.jpg,FDFDFD,FEFEFE,FFFFFF
https://i.redd.it/cwljeujku33z.jpg,EAE5DE,E4E1DC,E9E6DF
http://i.imgur.com/tyDhTll.jpg,060604,050503,070705
http://i.imgur.com/puEqa4C.jpg,92909E,928FA2,908E9C
https://i.redd.it/ihczg3pmle3z.jpg,A3AC9B,AFB8A7,B0B9A8
https://i.redd.it/cpkq97klre4z.jpg,B4B4A4,767767,777868
http://i.imgur.com/RycdbMO.jpg,D2C6BC,F2F9FF,D6CAC0
https://i.redd.it/sn7ufk9fsv4z.jpg,CACFD5,CBD0D6,CCD1D7
https://i.redd.it/n9jq5j2tatcy.jpg,F3FFFD,F4FFFF,F3FFFF
https://i.redd.it/0qow2dksb34z.jpg,FFFFFE,A0CAEC,FFFFFF
http://i.imgur.com/pt9rmrv.jpg,FBEADA,FCEBDB,FFFFFF
http://i.imgur.com/6pnYQUv.jpg,17191C,191B1E,181A1D
https://i.redd.it/7ofdqmp53bzy.jpg,93886C,94896D,958A6E
https://i.redd.it/ftd3sx5ah13z.jpg,B54B31,B44B2C,FDFFFF
https://i.redd.it/nrafqoujmety.jpg,ECECEC,FFFFFF,000000
https://i.redd.it/rubsfuf64lvy.jpg,BAB3A1,BCB5A3,BBB4A2
https://i.redd.it/ru12lvaf7jyy.jpg,9E9A98,9C9896,9D9997
https://i.redd.it/c5pk0vnpg3ty.jpg,FEFEFE,6E81CE,6E81CD
http://i.imgur.com/qvnjbVw.jpg,AAADB6,A8ABB4,A9ACB5
https://i.imgur.com/HRgRMOw.jpg,40895A,408A59,A4A3A8
https://i.redd.it/ax4eueu0szpy.jpg,BCBAC7,BCBAC9,222739
https://i.redd.it/guul6eld2soy.jpg,807967,6D7D96,6B7B94
https://i.redd.it/tb5pckm6e72y.jpg,A1A29E,A0A19D,B8B6AB
https://i.redd.it/fyqzavufvjwy.jpg,DBAE81,FEFEFE,DDB083
http://i.imgur.com/Gh2I3pq.jpg,CFBAA9,C7B09E,CEB9A8
http://i.imgur.com/FApqk3D.jpg,F3C300,000000,FFFFFF
http://i.imgur.com/TKLs9lo.jpg,F7F7F7,FEFEFE,FFFFFF
http://i.imgur.com/enhDnTM.jpg,C7E5EF,000000,FFFFFF
https://i.redd.it/4m5yk8gjrtzy.jpg,030001,020001,010101
https://i.redd.it/m4cfqp8wfv5z.jpg,D0D0D0,D1D1D1,DADADC
http://i.imgur.com/lcEUZHv.jpg,444A5A,C6BCBF,FFFFFF
https://i.redd.it/1nlgrn49x7ry.jpg,13100D,101010,0F0F0F
https://i.redd.it/xae65ypfqycy.jpg,C24541,C83A2E,F4F4F4
https://i.redd.it/w5q6gldnvcuy.jpg,18151C,19161D,F3F3F3
https://i.redd.it/s5viyluv421z.jpg,7A522F,F6EFDE,F5EEDD
https://i.redd.it/d8021b5i2moy.jpg,020405,010304,FFFFFF
https://i.redd.it/h5t3qddvvzry.jpg,020202,0D0D0D,0E0E0E
https://i.redd.it/lsuw4p2ncyny.jpg,FFFFFE,A77842,FFFFFF
http://i.imgur.com/sXhEQez.jpg,FEFEFE,000000,FFFFFF
http://i.imgur.com/M3NOzLC.jpg,928F7C,93907D,FFFFFF
https://i.redd.it/fsuv32a1cc9y.jpg,FDFDFD,FEFEFE,FFFFFF
https://i.redd.it/cwljeujku33z.jpg,EAE5DE,E4E1DC,E9E6DF
http://i.imgur.com/tyDhTll.jpg,060604,050503,070705
http://i.imgur.com/puEqa4C.jpg,92909E,928FA2,908E9C
https://i.redd.it/ihczg3pmle3z.jpg,A3AC9B,AFB8A7,B0B9A8
https://i.redd.it/cpkq97klre4z.jpg,B4B4A4,767767,777868
http://i.imgur.com/RycdbMO.jpg,D2C6BC,F2F9FF,D6CAC0
https://i.redd.it/sn7ufk9fsv4z.jpg,CACFD5,CBD0D6,CCD1D7
https://i.redd.it/n9jq5j2tatcy.jpg,F3FFFD,F4FFFF,F3FFFF
https://i.redd.it/0qow2dksb34z.jpg,FFFFFE,A0CAEC,FFFFFF
http://i.imgur.com/pt9rmrv.jpg,FBEADA,FCEBDB,FFFFFF
http://i.imgur.com/6pnYQUv.jpg,17191C,191B1E,181A1D
https://i.redd.it/7ofdqmp53bzy.jpg,93886C,94896D,958A6E
https://i.redd.it/ftd3sx5ah13z.jpg,B54B31,B44B2C,FDFFFF
https://i.redd.it/nrafqoujmety.jpg,ECECEC,FFFFFF,000000
https://i.redd.it/rubsfuf64lvy.jpg,BAB3A1,BCB5A3,BBB4A2
https://i.redd.it/ru12lvaf7jyy.jpg,9E9A98,9C9896,9D9997
https://i.redd.it/c5pk0vnpg3ty.jpg,FEFEFE,6E81CE,6E81CD
https://i.imgur.com/HRgRMOw.jpg,40895A,408A59,A4A3A8
http://i.imgur.com/qvnjbVw.jpg,AAADB6,A8ABB4,A9ACB5
https://i.redd.it/ax4eueu0szpy.jpg,BCBAC7,BCBAC9,222739
https://i.redd.it/guul6eld2soy.jpg,807967,6D7D96,6B7B94
https://i.redd.it/tb5pckm6e72y.jpg,A1A29E,A0A19D,B8B6AB
https://i.redd.it/fyqzavufvjwy.jpg,DBAE81,FEFEFE,DDB083
http://i.imgur.com/Gh2I3pq.jpg,CFBAA9,C7B09E,CEB9A8
http://i.imgur.com/FApqk3D.jpg,F3C300,000000,FFFFFF
http://i.imgur.com/enhDnTM.jpg,C7E5EF,000000,FFFFFF
http://i.imgur.com/TKLs9lo.jpg,F7F7F7,FEFEFE,FFFFFF
https://i.redd.it/4m5yk8gjrtzy.jpg,030001,020001,010101
https://i.redd.it/m4cfqp8wfv5z.jpg,D0D0D0,D1D1D1,DADADC
http://i.imgur.com/lcEUZHv.jpg,444A5A,C6BCBF,FFFFFF
https://i.redd.it/1nlgrn49x7ry.jpg,13100D,101010,0F0F0F
https://i.redd.it/xae65ypfqycy.jpg,C24541,C83A2E,F4F4F4
https://i.redd.it/w5q6gldnvcuy.jpg,18151C,19161D,F3F3F3
https://i.redd.it/d8021b5i2moy.jpg,020405,010304,FFFFFF
https://i.redd.it/s5viyluv421z.jpg,7A522F,F6EFDE,F5EEDD
https://i.redd.it/lsuw4p2ncyny.jpg,FFFFFE,A77842,FFFFFF
https://i.redd.it/h5t3qddvvzry.jpg,020202,0D0D0D,0E0E0E
http://i.imgur.com/sXhEQez.jpg,FEFEFE,000000,FFFFFF
http://i.imgur.com/M3NOzLC.jpg,928F7C,93907D,FFFFFF
https://i.redd.it/cwljeujku33z.jpg,EAE5DE,E4E1DC,E9E6DF
https://i.redd.it/fsuv32a1cc9y.jpg,FDFDFD,FEFEFE,FFFFFF
http://i.imgur.com/tyDhTll.jpg,060604,050503,070705
http://i.imgur.com/puEqa4C.jpg,92909E,928FA2,908E9C
https://i.redd.it/ihczg3pmle3z.jpg,A3AC9B,AFB8A7,B0B9A8
https://i.redd.it/cpkq97klre4z.jpg,B4B4A4,767767,777868
http://i.imgur.com/RycdbMO.jpg,D2C6BC,F2F9FF,D6CAC0
https://i.redd.it/sn7ufk9fsv4z.jpg,CACFD5,CBD0D6,CCD1D7
https://i.redd.it/n9jq5j2tatcy.jpg,F3FFFD,F4FFFF,F3FFFF
https://i.redd.it/0qow2dksb34z.jpg,FFFFFE,A0CAEC,FFFFFF
http://i.imgur.com/pt9rmrv.jpg,FBEADA,FCEBDB,FFFFFF
http://i.imgur.com/6pnYQUv.jpg,17191C,191B1E,181A1D
https://i.redd.it/7ofdqmp53bzy.jpg,93886C,94896D,958A6E
https://i.redd.it/ftd3sx5ah13z.jpg,B54B31,B44B2C,FDFFFF
https://i.redd.it/nrafqoujmety.jpg,ECECEC,FFFFFF,000000
https://i.redd.it/ru12lvaf7jyy.jpg,9E9A98,9C9896,9D9997
https://i.redd.it/rubsfuf64lvy.jpg,BAB3A1,BCB5A3,BBB4A2
https://i.redd.it/c5pk0vnpg3ty.jpg,FEFEFE,6E81CE,6E81CD
http://i.imgur.com/qvnjbVw.jpg,AAADB6,A8ABB4,A9ACB5
https://i.imgur.com/HRgRMOw.jpg,40895A,408A59,A4A3A8
https://i.redd.it/ax4eueu0szpy.jpg,BCBAC7,BCBAC9,222739
https://i.redd.it/guul6eld2soy.jpg,807967,6D7D96,6B7B94
https://i.redd.it/tb5pckm6e72y.jpg,A1A29E,A0A19D,B8B6AB
https://i.redd.it/fyqzavufvjwy.jpg,DBAE81,FEFEFE,DDB083
http://i.imgur.com/Gh2I3pq.jpg,CFBAA9,C7B09E,CEB9A8
http://i.imgur.com/FApqk3D.jpg,F3C300,000000,FFFFFF
http://i.imgur.com/TKLs9lo.jpg,F7F7F7,FEFEFE,FFFFFF
http://i.imgur.com/enhDnTM.jpg,C7E5EF,000000,FFFFFF
https://i.redd.it/m4cfqp8wfv5z.jpg,D0D0D0,D1D1D1,DADADC
https://i.redd.it/4m5yk8gjrtzy.jpg,030001,020001,010101
http://i.imgur.com/lcEUZHv.jpg,444A5A,C6BCBF,FFFFFF
https://i.redd.it/1nlgrn49x7ry.jpg,13100D,101010,0F0F0F
https://i.redd.it/xae65ypfqycy.jpg,C24541,C83A2E,F4F4F4
https://i.redd.it/w5q6gldnvcuy.jpg,18151C,19161D,F3F3F3
https://i.redd.it/lsuw4p2ncyny.jpg,FFFFFE,A77842,FFFFFF
https://i.redd.it/s5viyluv421z.jpg,7A522F,F6EFDE,F5EEDD
https://i.redd.it/h5t3qddvvzry.jpg,020202,0D0D0D,0E0E0E
https://i.redd.it/d8021b5i2moy.jpg,020405,010304,FFFFFF
http://i.imgur.com/sXhEQez.jpg,FEFEFE,000000,FFFFFF
http://i.imgur.com/M3NOzLC.jpg,928F7C,93907D,FFFFFF
https://i.redd.it/cwljeujku33z.jpg,EAE5DE,E4E1DC,E9E6DF
https://i.redd.it/fsuv32a1cc9y.jpg,FDFDFD,FEFEFE,FFFFFF
http://i.imgur.com/tyDhTll.jpg,060604,050503,070705
http://i.imgur.com/puEqa4C.jpg,92909E,928FA2,908E9C
https://i.redd.it/ihczg3pmle3z.jpg,A3AC9B,AFB8A7,B0B9A8
https://i.redd.it/cpkq97klre4z.jpg,B4B4A4,767767,777868
http://i.imgur.com/RycdbMO.jpg,F2F9FF,D2C6BC,D6CAC0
https://i.redd.it/sn7ufk9fsv4z.jpg,CACFD5,CBD0D6,CCD1D7
https://i.redd.it/n9jq5j2tatcy.jpg,F3FFFD,F4FFFF,F3FFFF
https://i.redd.it/0qow2dksb34z.jpg,FFFFFE,A0CAEC,FFFFFF
http://i.imgur.com/pt9rmrv.jpg,FBEADA,FCEBDB,FFFFFF
http://i.imgur.com/6pnYQUv.jpg,17191C,191B1E,181A1D
https://i.redd.it/7ofdqmp53bzy.jpg,93886C,94896D,958A6E
https://i.redd.it/ftd3sx5ah13z.jpg,B54B31,B44B2C,FDFFFF
https://i.redd.it/nrafqoujmety.jpg,ECECEC,FFFFFF,000000
https://i.redd.it/ru12lvaf7jyy.jpg,9E9A98,9C9896,9D9997
https://i.redd.it/rubsfuf64lvy.jpg,BAB3A1,BCB5A3,BBB4A2
https://i.redd.it/c5pk0vnpg3ty.jpg,FEFEFE,6E81CE,6E81CD
https://i.imgur.com/HRgRMOw.jpg,40895A,408A59,A4A3A8
http://i.imgur.com/qvnjbVw.jpg,AAADB6,A8ABB4,A9ACB5
https://i.redd.it/ax4eueu0szpy.jpg,BCBAC7,BCBAC9,222739
https://i.redd.it/guul6eld2soy.jpg,807967,6D7D96,6B7B94
https://i.redd.it/tb5pckm6e72y.jpg,A1A29E,A0A19D,B8B6AB
https://i.redd.it/fyqzavufvjwy.jpg,DBAE81,FEFEFE,DDB083
http://i.imgur.com/Gh2I3pq.jpg,CFBAA9,C7B09E,CEB9A8
http://i.imgur.com/enhDnTM.jpg,C7E5EF,000000,FFFFFF
http://i.imgur.com/TKLs9lo.jpg,F7F7F7,FEFEFE,FFFFFF
http://i.imgur.com/FApqk3D.jpg,F3C300,000000,FFFFFF
https://i.redd.it/4m5yk8gjrtzy.jpg,030001,020001,010101
https://i.redd.it/m4cfqp8wfv5z.jpg,D0D0D0,D1D1D1,DADADC
https://i.redd.it/xae65ypfqycy.jpg,C24541,C83A2E,F4F4F4
http://i.imgur.com/lcEUZHv.jpg,444A5A,C6BCBF,FFFFFF
https://i.redd.it/1nlgrn49x7ry.jpg,13100D,101010,0F0F0F
https://i.redd.it/w5q6gldnvcuy.jpg,18151C,19161D,F3F3F3
https://i.redd.it/d8021b5i2moy.jpg,020405,010304,FFFFFF
https://i.redd.it/s5viyluv421z.jpg,7A522F,F6EFDE,F5EEDD
https://i.redd.it/h5t3qddvvzry.jpg,020202,0D0D0D,0E0E0E
https://i.redd.it/lsuw4p2ncyny.jpg,FFFFFE,A77842,FFFFFF
http://i.imgur.com/sXhEQez.jpg,FEFEFE,000000,FFFFFF
http://i.imgur.com/M3NOzLC.jpg,928F7C,93907D,FFFFFF
https://i.redd.it/fsuv32a1cc9y.jpg,FDFDFD,FEFEFE,FFFFFF
https://i.redd.it/cwljeujku33z.jpg,EAE5DE,E4E1DC,E9E6DF
http://i.imgur.com/tyDhTll.jpg,060604,050503,070705
http://i.imgur.com/puEqa4C.jpg,92909E,928FA2,908E9C
https://i.redd.it/ihczg3pmle3z.jpg,A3AC9B,AFB8A7,B0B9A8
https://i.redd.it/cpkq97klre4z.jpg,B4B4A4,767767,777868
http://i.imgur.com/RycdbMO.jpg,F2F9FF,D2C6BC,D6CAC0
https://i.redd.it/sn7ufk9fsv4z.jpg,CACFD5,CBD0D6,CCD1D7
https://i.redd.it/n9jq5j2tatcy.jpg,F3FFFD,F4FFFF,F3FFFF
https://i.redd.it/0qow2dksb34z.jpg,FFFFFE,A0CAEC,FFFFFF
http://i.imgur.com/pt9rmrv.jpg,FBEADA,FCEBDB,FFFFFF
http://i.imgur.com/6pnYQUv.jpg,17191C,191B1E,181A1D
https://i.redd.it/ftd3sx5ah13z.jpg,B54B31,B44B2C,FDFFFF
https://i.redd.it/7ofdqmp53bzy.jpg,93886C,94896D,958A6E
https://i.redd.it/nrafqoujmety.jpg,ECECEC,FFFFFF,000000
https://i.redd.it/rubsfuf64lvy.jpg,BAB3A1,BCB5A3,BBB4A2
https://i.redd.it/ru12lvaf7jyy.jpg,9E9A98,9C9896,9D9997
https://i.redd.it/c5pk0vnpg3ty.jpg,FEFEFE,6E81CE,6E81CD
http://i.imgur.com/qvnjbVw.jpg,AAADB6,A8ABB4,A9ACB5
https://i.imgur.com/HRgRMOw.jpg,40895A,408A59,A4A3A8
https://i.redd.it/ax4eueu0szpy.jpg,BCBAC7,BCBAC9,222739
https://i.redd.it/guul6eld2soy.jpg,807967,6D7D96,6B7B94
https://i.redd.it/tb5pckm6e72y.jpg,A1A29E,A0A19D,B8B6AB
https://i.redd.it/fyqzavufvjwy.jpg,DBAE81,FEFEFE,DDB083
http://i.imgur.com/Gh2I3pq.jpg,CFBAA9,C7B09E,CEB9A8
http://i.imgur.com/enhDnTM.jpg,C7E5EF,000000,FFFFFF
http://i.imgur.com/TKLs9lo.jpg,F7F7F7,FEFEFE,FFFFFF
https://i.redd.it/m4cfqp8wfv5z.jpg,D0D0D0,D1D1D1,DADADC
http://i.imgur.com/FApqk3D.jpg,F3C300,000000,FFFFFF
https://i.redd.it/4m5yk8gjrtzy.jpg,030001,020001,010101
http://i.imgur.com/lcEUZHv.jpg,444A5A,C6BCBF,FFFFFF
https://i.redd.it/1nlgrn49x7ry.jpg,13100D,101010,0F0F0F
https://i.redd.it/xae65ypfqycy.jpg,C24541,C83A2E,F4F4F4
https://i.redd.it/d8021b5i2moy.jpg,020405,010304,FFFFFF
https://i.redd.it/w5q6gldnvcuy.jpg,18151C,19161D,F3F3F3
https://i.redd.it/lsuw4p2ncyny.jpg,FFFFFE,A77842,FFFFFF
https://i.redd.it/s5viyluv421z.jpg,7A522F,F6EFDE,F5EEDD
https://i.redd.it/h5t3qddvvzry.jpg,020202,0D0D0D,0E0E0E
http://i.imgur.com/sXhEQez.jpg,FEFEFE,000000,FFFFFF
http://i.imgur.com/M3NOzLC.jpg,928F7C,93907D,FFFFFF
https://i.redd.it/fsuv32a1cc9y.jpg,FDFDFD,FEFEFE,FFFFFF
https://i.redd.it/cwljeujku33z.jpg,EAE5DE,E4E1DC,E9E6DF
http://i.imgur.com/tyDhTll.jpg,060604,050503,070705
http://i.imgur.com/puEqa4C.jpg,92909E,928FA2,908E9C
https://i.redd.it/ihczg3pmle3z.jpg,A3AC9B,AFB8A7,B0B9A8
https://i.redd.it/cpkq97klre4z.jpg,B4B4A4,767767,777868
http://i.imgur.com/RycdbMO.jpg,F2F9FF,D2C6BC,D6CAC0
https://i.redd.it/sn7ufk9fsv4z.jpg,CACFD5,CBD0D6,CCD1D7
https://i.redd.it/n9jq5j2tatcy.jpg,F3FFFD,F4FFFF,F3FFFF
https://i.redd.it/0qow2dksb34z.jpg,FFFFFE,A0CAEC,FFFFFF
http://i.imgur.com/pt9rmrv.jpg,FBEADA,FCEBDB,FFFFFF
http://i.imgur.com/6pnYQUv.jpg,17191C,191B1E,181A1D
https://i.redd.it/7ofdqmp53bzy.jpg,93886C,94896D,958A6E
https://i.redd.it/ftd3sx5ah13z.jpg,B54B31,B44B2C,FDFFFF
https://i.redd.it/nrafqoujmety.jpg,ECECEC,FFFFFF,000000
https://i.imgur.com/HRgRMOw.jpg,40895A,408A59,A4A3A8
https://i.redd.it/c5pk0vnpg3ty.jpg,FEFEFE,6E81CE,6E81CD
https://i.redd.it/rubsfuf64lvy.jpg,BAB3A1,BCB5A3,BBB4A2
https://i.redd.it/ru12lvaf7jyy.jpg,9E9A98,9C9896,9D9997
http://i.imgur.com/qvnjbVw.jpg,AAADB6,A8ABB4,A9ACB5
https://i.redd.it/ax4eueu0szpy.jpg,BCBAC7,BCBAC9,222739
https://i.redd.it/guul6eld2soy.jpg,807967,6D7D96,6B7B94
https://i.redd.it/tb5pckm6e72y.jpg,A1A29E,A0A19D,B8B6AB
https://i.redd.it/fyqzavufvjwy.jpg,DBAE81,FEFEFE,DDB083
http://i.imgur.com/Gh2I3pq.jpg,CFBAA9,C7B09E,CEB9A8
http://i.imgur.com/enhDnTM.jpg,C7E5EF,000000,FFFFFF
http://i.imgur.com/TKLs9lo.jpg,F7F7F7,FEFEFE,FFFFFF
http://i.imgur.com/FApqk3D.jpg,F3C300,000000,FFFFFF
https://i.redd.it/4m5yk8gjrtzy.jpg,030001,020001,010101
https://i.redd.it/m4cfqp8wfv5z.jpg,D0D0D0,D1D1D1,DADADC
http://i.imgur.com/lcEUZHv.jpg,444A5A,C6BCBF,FFFFFF
https://i.redd.it/xae65ypfqycy.jpg,C24541,C83A2E,F4F4F4
https://i.redd.it/1nlgrn49x7ry.jpg,13100D,101010,0F0F0F
https://i.redd.it/w5q6gldnvcuy.jpg,18151C,19161D,F3F3F3
https://i.redd.it/d8021b5i2moy.jpg,020405,010304,FFFFFF
https://i.redd.it/s5viyluv421z.jpg,7A522F,F6EFDE,F5EEDD
https://i.redd.it/h5t3qddvvzry.jpg,020202,0D0D0D,0E0E0E
https://i.redd.it/lsuw4p2ncyny.jpg,FFFFFE,A77842,FFFFFF
http://i.imgur.com/sXhEQez.jpg,FEFEFE,000000,FFFFFF
http://i.imgur.com/M3NOzLC.jpg,928F7C,93907D,FFFFFF
https://i.redd.it/fsuv32a1cc9y.jpg,FDFDFD,FEFEFE,FFFFFF
https://i.redd.it/cwljeujku33z.jpg,EAE5DE,E4E1DC,E9E6DF
http://i.imgur.com/tyDhTll.jpg,060604,050503,070705
http://i.imgur.com/puEqa4C.jpg,92909E,928FA2,908E9C
https://i.redd.it/ihczg3pmle3z.jpg,A3AC9B,AFB8A7,B0B9A8
https://i.redd.it/cpkq97klre4z.jpg,B4B4A4,767767,777868
http://i.imgur.com/RycdbMO.jpg,F2F9FF,D2C6BC,D6CAC0
https://i.redd.it/sn7ufk9fsv4z.jpg,CACFD5,CBD0D6,CCD1D7
https://i.redd.it/n9jq5j2tatcy.jpg,F3FFFD,F4FFFF,F3FFFF
https://i.redd.it/0qow2dksb34z.jpg,FFFFFE,A0CAEC,FFFFFF
http://i.imgur.com/pt9rmrv.jpg,FBEADA,FCEBDB,FFFFFF
http://i.imgur.com/6pnYQUv.jpg,17191C,191B1E,181A1D
https://i.redd.it/ftd3sx5ah13z.jpg,B54B31,B44B2C,FDFFFF
https://i.redd.it/7ofdqmp53bzy.jpg,93886C,94896D,958A6E
https://i.redd.it/nrafqoujmety.jpg,ECECEC,FFFFFF,000000
https://i.redd.it/rubsfuf64lvy.jpg,BAB3A1,BCB5A3,BBB4A2
https://i.redd.it/c5pk0vnpg3ty.jpg,FEFEFE,6E81CE,6E81CD
https://i.redd.it/ru12lvaf7jyy.jpg,9E9A98,9C9896,9D9997
http://i.imgur.com/qvnjbVw.jpg,AAADB6,A8ABB4,A9ACB5
https://i.imgur.com/HRgRMOw.jpg,40895A,408A59,A4A3A8
https://i.redd.it/ax4eueu0szpy.jpg,BCBAC7,BCBAC9,222739
https://i.redd.it/guul6eld2soy.jpg,807967,6D7D96,6B7B94
https://i.redd.it/tb5pckm6e72y.jpg,A1A29E,A0A19D,B8B6AB
https://i.redd.it/fyqzavufvjwy.jpg,DBAE81,FEFEFE,DDB083
http://i.imgur.com/Gh2I3pq.jpg,CFBAA9,C7B09E,CEB9A8
http://i.imgur.com/FApqk3D.jpg,F3C300,000000,FFFFFF
http://i.imgur.com/TKLs9lo.jpg,F7F7F7,FEFEFE,FFFFFF
http://i.imgur.com/enhDnTM.jpg,C7E5EF,000000,FFFFFF
https://i.redd.it/4m5yk8gjrtzy.jpg,030001,020001,010101
https://i.redd.it/m4cfqp8wfv5z.jpg,D0D0D0,D1D1D1,DADADC
http://i.imgur.com/lcEUZHv.jpg,444A5A,C6BCBF,FFFFFF
https://i.redd.it/1nlgrn49x7ry.jpg,13100D,101010,0F0F0F
https://i.redd.it/xae65ypfqycy.jpg,C24541,C83A2E,F4F4F4
https://i.redd.it/w5q6gldnvcuy.jpg,18151C,19161D,F3F3F3
https://i.redd.it/s5viyluv421z.jpg,7A522F,F6EFDE,F5EEDD
https://i.redd.it/d8021b5i2moy.jpg,020405,010304,FFFFFF
https://i.redd.it/lsuw4p2ncyny.jpg,FFFFFE,A77842,FFFFFF
https://i.redd.it/h5t3qddvvzry.jpg,020202,0D0D0D,0E0E0E
http://i.imgur.com/sXhEQez.jpg,FEFEFE,000000,FFFFFF
http://i.imgur.com/M3NOzLC.jpg,928F7C,93907D,FFFFFF
https://i.redd.it/fsuv32a1cc9y.jpg,FDFDFD,FEFEFE,FFFFFF
https://i.redd.it/cwljeujku33z.jpg,EAE5DE,E4E1DC,E9E6DF
http://i.imgur.com/tyDhTll.jpg,060604,050503,070705
http://i.imgur.com/puEqa4C.jpg,92909E,928FA2,908E9C
https://i.redd.it/ihczg3pmle3z.jpg,A3AC9B,AFB8A7,B0B9A8
https://i.redd.it/cpkq97klre4z.jpg,B4B4A4,767767,777868
http://i.imgur.com/RycdbMO.jpg,D2C6BC,F2F9FF,D6CAC0
